"DESCRIPTION","DURATION IN MS","NAME","PARENT SUITE","START TIME","STATUS","STOP TIME","SUB SUITE","SUITE","TEST CLASS","TEST METHOD"
"","21030","TestUserCanLoginWithValidCredentials","All Test Suite","Mon Jul 14 23:32:28 BDT 2025","passed","Mon Jul 14 23:32:49 BDT 2025","TestCases.TestLogin","C:/Users/HP/IdeaProjects/Web_Automation_Selenium_project-Wafilife/src/test/java/TestCases","TestCases.TestLogin","TestUserCanLoginWithValidCredentials"
"","26035","testUserCanFillBillingForm","All Test Suite","Mon Jul 14 23:36:24 BDT 2025","broken","Mon Jul 14 23:36:50 BDT 2025","TestCases.TestBillingAndShippingForm","C:/Users/HP/IdeaProjects/Web_Automation_Selenium_project-Wafilife/src/test/java/TestCases","TestCases.TestBillingAndShippingForm","testUserCanFillBillingForm"
"","41353","TestUserCanClickWriterMenu","All Test Suite","Mon Jul 14 23:32:54 BDT 2025","passed","Mon Jul 14 23:33:35 BDT 2025","TestCases.TestWriterMenuNavigation","C:/Users/HP/IdeaProjects/Web_Automation_Selenium_project-Wafilife/src/test/java/TestCases","TestCases.TestWriterMenuNavigation","TestUserCanClickWriterMenu"
"","33575","testUserCanViewBookDetails","All Test Suite","Mon Jul 14 23:34:51 BDT 2025","passed","Mon Jul 14 23:35:24 BDT 2025","TestCases.TestViewBookDetails","C:/Users/HP/IdeaProjects/Web_Automation_Selenium_project-Wafilife/src/test/java/TestCases","TestCases.TestViewBookDetails","testUserCanViewBookDetails"
"","26133","testUserCanCompleteOrder","All Test Suite","Mon Jul 14 23:35:55 BDT 2025","passed","Mon Jul 14 23:36:21 BDT 2025","TestCases.TestCompleteOrder","C:/Users/HP/IdeaProjects/Web_Automation_Selenium_project-Wafilife/src/test/java/TestCases","TestCases.TestCompleteOrder","testUserCanCompleteOrder"
"","43608","TestMainPageTitle","All Test Suite","Mon Jul 14 23:36:53 BDT 2025","passed","Mon Jul 14 23:37:37 BDT 2025","TestCases.TestMainPage","C:/Users/HP/IdeaProjects/Web_Automation_Selenium_project-Wafilife/src/test/java/TestCases","TestCases.TestMainPage","TestMainPageTitle"
"","33645","TestScrollDownAndClickNextPage","All Test Suite","Mon Jul 14 23:33:40 BDT 2025","passed","Mon Jul 14 23:34:13 BDT 2025","TestCases.TestScrollAndPagination","C:/Users/HP/IdeaProjects/Web_Automation_Selenium_project-Wafilife/src/test/java/TestCases","TestCases.TestScrollAndPagination","TestScrollDownAndClickNextPage"
"","24722","testClickOrderButton","All Test Suite","Mon Jul 14 23:35:27 BDT 2025","passed","Mon Jul 14 23:35:52 BDT 2025","TestCases.TestForOrderBook","C:/Users/HP/IdeaProjects/Web_Automation_Selenium_project-Wafilife/src/test/java/TestCases","TestCases.TestForOrderBook","testClickOrderButton"
"","28648","TestUserCanSelectDrAbulHossainAsAuthor","All Test Suite","Mon Jul 14 23:34:18 BDT 2025","passed","Mon Jul 14 23:34:46 BDT 2025","TestCases.TestSelectAuthorName","C:/Users/HP/IdeaProjects/Web_Automation_Selenium_project-Wafilife/src/test/java/TestCases","TestCases.TestSelectAuthorName","TestUserCanSelectDrAbulHossainAsAuthor"
